customer_id,churn_prediction,churn_probability
2592-HODOV,0,0.06544207058697132
7426-GSWPO,0,0.22920392257063915
9378-FXTIZ,0,0.10378135803924789
1017-FBQMM,0,0.18256474552966984
1193-RTSLK,0,0.31307114685676973
9589-ABEPT,0,0.10474872092324038
1254-IZEYF,0,0.4557059886855141
8605-ITULD,0,0.33738011249316363
0396-YCHWO,0,0.44493631785942356
5480-TBGPH,0,0.3544135783253816
0625-AFOHS,0,0.009461804190307826
3148-BLQJT,0,0.35348649386491304
8161-QYMTT,1,0.6286023515673714
9081-WWXKP,0,0.017356946345480472
0495-RVCBF,1,0.8256996520482625
6837-BJYDQ,0,0.0774427568838283
1370-GGAWX,0,0.1854625449629843
9357-UJRUN,0,0.07373750822755382
7729-JTEEC,1,0.5231990526274868
0362-ZBZWJ,0,0.42978091126756546
5353-WILCI,0,0.17352354406698875
8590-YFFQO,0,0.029109206111261665
8774-GSBUN,0,0.022944128883702185
7319-VENRZ,0,0.25689793670451816
4701-AHWMW,0,0.12730227180529868
3256-EZDBI,0,0.13201051292920293
1544-JJMYL,0,0.09921929254114809
3174-RKMOW,0,0.4576219545887847
3537-HPKQT,0,0.24534882984487894
4503-BDXBD,1,0.5804730999506779
4588-YBNIB,0,0.341128506437636
0696-UKTOX,0,0.18444585332884103
8634-MPHTR,0,0.4232713037244609
0308-IVGOK,0,0.09088001186236548
2897-DOVND,1,0.5969670243723463
9985-MWVIX,1,0.7758536598029226
6390-DSAZX,1,0.783280929745714
3914-FDRHP,1,0.6009722885475418
6625-FLENO,0,0.013100017709644342
9711-FJTBX,0,0.15636885730309286
4163-KIUHY,0,0.11213660337539705
0709-TVGUR,1,0.5707730674652919
1309-XGFSN,0,0.10687747162178728
3612-YUNGG,0,0.09958167808927464
0036-IHMOT,0,0.2355580796302139
2954-PIBKO,0,0.027979777641124
2193-SFWQW,0,0.06496268563362498
9891-NQDBD,0,0.037444496924452814
9987-LUTYD,0,0.09728411169876937
7377-DMMRI,1,0.5081337588535763
5481-NTDOH,0,0.17334029539535067
5482-VXSXJ,0,0.4615696891047352
9107-UKCKY,0,0.09832464850421573
0536-ESJEP,0,0.05525417067277151
5515-RUGKN,0,0.23908302246488022
1536-HBSWP,1,0.5681815478664732
9800-OUIGR,0,0.011151762673727717
3873-NFTGI,0,0.23983089635622054
4137-BTIKL,1,0.6930825319446822
9079-YEXQJ,0,0.34964078379723823
4695-WJZUE,1,0.7036010531375472
9068-FHQHD,0,0.01696418239294911
9667-EQRXU,0,0.1686359586894396
0883-EIBTI,0,0.20558796646843214
7995-ZHHNZ,0,0.08617832317452119
9239-ZBZZV,0,0.28944164891952523
8677-HDZEE,0,0.25016633695843093
5260-UMPWX,0,0.09067590362526878
4016-BJKTZ,0,0.20874945448603927
0318-ZOPWS,0,0.017482469358032774
4446-BZKHU,0,0.3510650052872775
4671-LXRDQ,1,0.5085828651520901
1986-PHGZF,0,0.1944208748812156
6671-NGWON,0,0.15414117286488577
6749-UTDVX,0,0.12066959551203083
7978-DKUQH,0,0.4215879431691459
6347-DCUIK,1,0.592897573717856
0628-CNQRM,0,0.08678464364713151
2514-GINMM,1,0.8183015729551013
7781-HVGMK,0,0.0258834536354667
2038-YSEZE,0,0.1702431300566348
8982-NHAVY,0,0.22874823003397385
7873-CVMAW,0,0.028102706937607132
1488-SYSFC,0,0.09146460027819621
0487-CRLZF,0,0.06159333293312769
3716-BDVDB,1,0.7431301099658745
9885-MFVSU,0,0.05266286553287516
9330-IJWIO,1,0.6170439027989862
1089-HDMKP,0,0.24209099991787741
4656-CAURT,0,0.011102241610405636
8200-KLNYW,0,0.14429588314834563
8433-WXGNA,1,0.6802594003540681
2684-EIWEO,0,0.3233397283935805
0136-IFMYD,0,0.13978467852559848
6145-NNPNO,1,0.5154410093836352
6815-ABQFQ,0,0.27825626266751463
5027-YOCXN,0,0.2354918017194296
5081-NWSUP,0,0.10987010031854025
3091-FYHKI,1,0.5961013181695194
8421-WZOOW,0,0.22506921318708237
6171-ZTVYB,0,0.1458305967229052
5575-GNVDE,0,0.0845841136808953
2696-RZVZW,0,0.015526518615097754
5837-LXSDN,0,0.07784461452140212
3249-VHRIP,0,0.03952053794448335
3411-WLRSQ,1,0.6505771877095661
2799-TSLAG,0,0.01770703945511475
5697-GOMBF,0,0.1906698470533359
7102-JJVTX,0,0.11336419771821847
8218-FFJDS,0,0.025972002739929546
0678-RLHVP,0,0.18160161480486905
3580-HYCSP,0,0.06546691465119166
3688-FTHLT,0,0.24254770128003808
9820-RMCQV,0,0.2531849664681035
1325-USMEC,0,0.0883283625989072
7876-BEUTG,0,0.27012865609141107
4415-WNGVR,0,0.1480736896692692
7853-OETYL,0,0.38051236849954867
0231-LXVAP,1,0.8154221086693871
9121-PHQSR,1,0.5131100031482173
6873-UDNLD,0,0.16493345909152624
7244-QWYHG,0,0.07627836028411146
9541-PWTWO,0,0.05339291544620282
6896-SRVYQ,0,0.402343892610096
1498-NHTLT,0,0.07151358503482182
2792-VPPET,0,0.2170823300431601
6635-MYYYZ,0,0.12652666568881454
0604-THJFP,0,0.0432081594693417
2126-GSEGL,0,0.028731374303129997
3571-RFHAR,0,0.34182347857739315
5245-VDBUR,0,0.08299646445237595
1535-VTJOQ,0,0.05106026939880083
8548-AWOFC,0,0.14825129060455886
3930-ZGWVE,0,0.303981848196716
9746-UGFAC,0,0.027376133843520698
8382-SHQEH,1,0.6048413304292217
2141-RRYGO,0,0.3764142003537354
7571-YXDAD,1,0.6843991760139297
4973-MGTON,0,0.02599643982887916
5730-DBDSI,0,0.011716936418860381
3021-VLNRJ,0,0.09234037622657229
8627-EHGIP,0,0.09316535117036259
2265-CYWIV,1,0.6596976686861319
3978-YNKDD,0,0.02585382404991882
0295-PPHDO,1,0.8092104627372056
1877-HKBQX,0,0.08978930908052138
4070-OKWVH,0,0.2493474505363155
3005-NFMTA,0,0.36489125046080184
8707-HOEDG,0,0.1262974259273398
8566-YPRGL,0,0.32879281090586204
2208-MPXIO,0,0.017356946345480472
3520-FJGCV,0,0.06938216128905568
3292-PBZEJ,1,0.6154358788861058
9730-DRTMJ,0,0.11317304732551207
2796-UUZZO,0,0.20112469689847942
8268-YDIXR,0,0.1573592149749409
6518-KZXCB,0,0.050947139518025174
3900-AQPHZ,0,0.35876341886828117
0064-YIJGF,0,0.3022660937792216
2194-IIQOF,0,0.02627550959632102
2877-VDUER,0,0.07565453891958884
4795-UXVCJ,0,0.025507719398045112
1597-LHYNC,0,0.45311594790464765
8003-EWNDZ,0,0.1491189954056288
3810-DVDQQ,0,0.07322701786262328
9398-MMQTO,1,0.633013191464785
4462-CYWMH,0,0.20473602417298176
0107-YHINA,1,0.7888897497519867
7785-RDVIG,0,0.18842967600763658
0572-ZJKLT,0,0.14574793768475813
3640-JQGJG,0,0.24468137522583644
5057-LCOUI,0,0.16760381446964578
0749-IRGQE,0,0.25707784145125684
0506-YLVKJ,0,0.01277831564438222
2960-NKRSO,0,0.44300969375573324
2990-HWIML,1,0.6068891074086815
3417-TSCIC,0,0.09107331996917116
4587-VVTOX,1,0.6207708584811727
4236-UJPWO,1,0.5370164125878901
5392-AKEMH,0,0.25707784145125684
5553-AOINX,0,0.2222970286778648
8734-FNWVH,0,0.1475609125426108
6810-VCAEX,0,0.0732438864810316
9851-KIELU,1,0.6227161416027919
0847-HGRML,0,0.010663796274207946
2172-EJXVF,0,0.19665065747535532
2239-CGBUZ,0,0.08426211365858627
3069-SSVSN,0,0.3433193976217085
9600-UDOPK,0,0.3254284369543988
3858-XHYJO,0,0.2313612151457308
3096-IZETN,1,0.5361136232720978
9053-EJUNL,0,0.4315236801377191
5915-DGNVC,0,0.11043370540293612
6519-CFDBX,1,0.52333118780236
0932-YIXYU,0,0.016937424614088637
9057-MSWCO,0,0.1757006880235894
2014-MKGMH,0,0.23932986689733704
1575-KRZZE,0,0.3442420279967455
1833-VGRUM,1,0.7860858452603068
5945-AZYHT,0,0.20698955618972717
4906-ZHGPK,0,0.10532532950903178
8621-MNIHH,0,0.4334331533944738
8668-KNZTI,0,0.09180381245646808
6097-EQISJ,0,0.17822808552158673
3870-SPZSI,0,0.07234862493970888
4614-NUVZD,1,0.8242194165562524
3174-AKMAS,0,0.06165629813969221
5985-TBABQ,0,0.1298409756182183
7614-QVWQL,0,0.08678583867838183
9610-WCESF,0,0.05944236491243045
8630-QSGXK,0,0.05267989164809315
3870-MQAMG,0,0.25348536166981966
4118-CEVPF,0,0.22000790028178513
4311-QTTAI,0,0.04411700039918167
4537-CIBHB,0,0.05205981501870905
0781-LKXBR,1,0.61717018698828
4750-ZRXIU,1,0.640196809135096
6298-QDFNH,0,0.44644960717189247
0484-JPBRU,0,0.1110223628698241
9577-WJVCQ,0,0.1559684044708769
2129-ALKBS,0,0.09902908584062647
1816-FLZDK,1,0.5784407905046492
4486-EFAEB,0,0.1411804981453465
8845-LWKGE,0,0.1039697990596316
2223-KAGMX,0,0.1750597710088449
3941-XTSKM,0,0.07040211291840856
4998-IKFSE,0,0.45708781179265207
1937-OTUKY,0,0.07409914781287759
5018-HEKFO,0,0.14510868324606815
2038-OEQZH,1,0.6388896844238685
0315-LVCRK,1,0.5942217854338756
1389-WNUIB,0,0.10430347747127337
9372-TXXPS,0,0.033654868396867245
7560-QRBXH,0,0.01975525094505987
6479-OAUSD,0,0.02422850981144946
8685-WHQPW,0,0.3013924391876155
9638-JIQYA,0,0.48345029664305755
6974-DAFLI,0,0.027774100202312878
1866-NXPSP,0,0.1325976208527309
4817-KEQSP,0,0.008153254805048497
5791-KAJFD,0,0.08081970476837565
6475-VHUIZ,0,0.19988350636527163
3672-YITQD,0,0.42978091126756546
8559-WNQZS,0,0.12175611132006894
1680-VDCWW,0,0.10265733355944892
7113-HIPFI,0,0.05193818511531515
7729-XBTWX,0,0.015862502485701
0650-BWOZN,0,0.43820225714404437
7096-ZNBZI,0,0.015972469120591522
2200-DSAAL,0,0.04983931015651186
0795-GMVQO,0,0.18395677270326602
1240-KNSEZ,0,0.35348649386491304
4967-WPNCF,0,0.027499131446811674
2135-RXIHG,1,0.5687814624409071
1925-TIBLE,1,0.6052233241753157
7950-XWOVN,0,0.25027951149274597
0129-KPTWJ,0,0.33386877963150774
0214-JHPFW,0,0.03052776224009446
8006-PYCSW,0,0.1712205865152187
8087-LGYHQ,1,0.6230012082223514
1334-FJSVR,1,0.5747721155756215
5828-DWPIL,0,0.327414456367416
8224-IVVPA,0,0.17123163196535635
6519-ZHPXP,0,0.0739298437420931
1096-ADRUX,0,0.1027495014622056
8593-WHYHV,1,0.6512386760766335
9710-NJERN,0,0.008605472530082285
6072-NUQCB,0,0.023786127994838965
4521-YEEHE,0,0.4627833299527175
8058-INTPH,1,0.8256996520482625
6134-KWTBV,0,0.01149520106460004
0750-EBAIU,0,0.15929269897457807
3282-ZISZV,0,0.12982983723308744
6128-DAFVY,0,0.13030285257289262
1173-XZPYF,1,0.6011976324644227
6907-FLBER,1,0.5601717104833023
5696-QURRL,1,0.5742582221021117
4647-XXZAM,0,0.30079004346612576
5364-XYIRR,0,0.4040208797457376
8824-RWFXJ,0,0.40795295386202235
1447-PJGGA,0,0.1268626800307084
5708-EVONK,0,0.21802453129705385
0303-WMMRN,0,0.1783944036770897
6927-WTFIV,0,0.31647373627878717
9488-FYQAU,0,0.09161119392996034
4228-ZGYUW,1,0.6312084317277435
4282-YMKNA,1,0.5784191646785827
3585-ISXZP,1,0.6379275159848474
7538-GWHML,1,0.5904805593002859
5917-RYRMG,0,0.02519746137419492
9903-LYSAB,0,0.44690891941732197
6923-AQONU,0,0.015363815106925235
3629-WEAAM,0,0.2512544586443637
4737-HOBAX,0,0.03545285827766811
5220-AGAAX,0,0.010998752044890757
5642-MHDQT,0,0.04726276187374547
6023-GSSXW,0,0.027979777641124
6549-NNDYT,0,0.25132256041128703
9547-ITEFG,1,0.6330382688117419
0577-WHMEV,1,0.5964881869723881
8879-ZKJOF,0,0.11828948061126866
1833-TCXKK,0,0.31136359757758186
7969-FFOWG,0,0.011224755334275457
7147-AYBAA,0,0.35257462378210513
7623-HKYRK,0,0.16942015619958858
0343-QLUZP,0,0.03796553331218198
1328-EUZHC,0,0.01527319101529756
5937-EORGB,1,0.6037876570653296
2081-VEYEH,1,0.6625802855971785
4854-SSLTN,0,0.20128299164870492
1353-GHZOS,0,0.0816994899562066
8563-OYMQY,0,0.42864828846324005
2839-RFSQE,0,0.21584934901522077
2674-MIAHT,1,0.6454056594356843
6620-JDYNW,0,0.20645506323917487
1215-EXRMO,0,0.012839240074335585
9208-OLGAQ,0,0.4631090324420871
3551-GAEGL,0,0.07497553994259362
9681-OXGVC,1,0.6406925296524121
0620-XEFWH,0,0.20257508642054453
8219-VYBVI,0,0.02949191504335718
7608-RGIRO,0,0.014495186810667153
9844-FELAJ,0,0.2081996664043555
6646-QVXLR,0,0.25704958704325825
3753-TSEMP,1,0.5887161860777362
9178-JHUVJ,0,0.028227661321289798
4837-PZTIC,0,0.05827624957800921
7363-QTBIW,1,0.588033181073678
6813-GZQCG,0,0.019475748228428236
6032-KRXXO,0,0.43794867334344373
8457-XIGKN,0,0.10509966944194042
9661-MHUMO,0,0.47383995040798504
0486-HECZI,0,0.36649637238592286
0396-HUJBP,0,0.18940561792412175
5153-LXKDT,0,0.1449141681825515
9734-YWGEX,1,0.6329440366371528
2260-USTRB,1,0.6358347412423753
7311-MQJCH,0,0.06341693109483006
2990-OGYTD,0,0.03229621593868404
0979-PHULV,0,0.2212399575539785
8985-OOPOS,0,0.3065824022604298
2834-JRTUA,0,0.12146945537263662
0496-AHOOK,0,0.10886363591186612
4592-IWTJI,0,0.47324544783329137
5143-EGQFK,0,0.27708005120024665
6968-URWQU,0,0.09493821654863817
6141-OOXUQ,0,0.2982245382551955
8999-EXMNO,0,0.012565996046490011
0383-CLDDA,0,0.028764786920640474
4971-PUYQO,0,0.4383992785129457
6377-WHAOX,0,0.33918216762574505
0218-QNVAS,0,0.1513988094691387
9741-YLNTD,1,0.6273640752751359
1848-LBZHY,0,0.2730027206865909
0899-WZRSD,0,0.3678629211131124
4884-LEVMQ,0,0.01836776517037998
9495-SKLKD,0,0.3110232192090052
9766-HGEDE,0,0.03207606859374356
7449-HVPIV,0,0.22812661494240075
7143-BQIBA,0,0.23497814648532533
6434-TTGJP,0,0.060465272519198046
7077-XJMET,0,0.3826487306458287
8180-AKMJV,1,0.5154410093836352
7010-BRBUU,0,0.011164796251923775
3911-RSNHI,0,0.02605918864645221
9788-YTFGE,0,0.15560412506426588
2511-MORQY,0,0.08125303184690148
9244-ZVAPM,1,0.5711562184591245
0376-OIWME,0,0.438074518168776
8098-TDCBU,0,0.024216536298609523
5248-KWLAR,0,0.04996339484217192
5843-TTHGI,0,0.2341505755014786
4644-OBGFZ,0,0.03339291901245039
0637-YLETY,1,0.5387626811994286
1471-GIQKQ,1,0.5681815478664732
9432-VOFYX,0,0.4852521920086958
3757-NJYBX,0,0.35796137636519576
3746-EUBYR,1,0.7434212046353462
6692-UDPJC,1,0.6179044420868884
9975-SKRNR,0,0.25842659116606337
8007-YYPWD,0,0.044518087651832364
7130-VTEWQ,1,0.5771358035403823
8313-AFGBW,0,0.07188414773644576
5084-OOVCJ,0,0.23279437969784794
6035-RIIOM,0,0.12275619542687613
1703-MGIAB,0,0.2642144589940517
2379-GYFLQ,0,0.16083099644334747
4056-QHXHZ,0,0.1162642332269436
8869-LIHMK,0,0.08791493029093667
8295-KMENE,0,0.06030452824302835
6339-DKLMK,0,0.2598296248529314
3721-CNEYS,1,0.6467530670232583
7446-KQISO,0,0.1512669896059789
2251-PYLPB,0,0.02801286921812407
6513-EECDB,1,0.7798117792866612
1676-MQAOA,0,0.029421167017697977
6855-VLGOS,0,0.015222164814027843
9644-KVCNC,0,0.11012114106007408
5884-GCYMI,1,0.7400276630402702
3324-OIRTO,0,0.1604369555952383
4472-VESGY,0,0.24865820597399657
8777-PVYGU,0,0.10007225614936219
7989-VCQOH,0,0.317556011190597
1207-BLKSA,0,0.0124936412325187
3325-FUYCG,0,0.2974923540402615
1679-JRFBR,0,0.16884574358908086
4573-JKNAE,0,0.0704431363059953
7825-ECJRF,0,0.4926054012136667
4929-ROART,0,0.21707494923998621
2892-GESUL,0,0.020765621450376255
1492-QGCLU,0,0.24512564653012148
5465-BUBFA,0,0.017434676345590584
4211-MMAZN,0,0.3198927741997958
2832-KJCRD,0,0.45454198159331555
7239-HZZCX,0,0.303981848196716
0723-DRCLG,1,0.7981283467352353
7634-WSWDB,0,0.26504295746567214
6473-ULUHT,0,0.3489870971644807
0895-LMRSF,0,0.07995262266867022
0257-KXZGU,0,0.15555263658501814
0581-BXBUB,1,0.5873374990092622
5916-QEWPT,0,0.4596464651194878
7169-YWAMK,0,0.027028335699850543
3714-NTNFO,0,0.4051841699458904
1699-HPSBG,0,0.09688649880990637
4317-VTEOA,1,0.5580543191789544
2642-MAWLJ,0,0.01696418239294911
5495-GPSRW,0,0.017562318858554665
0744-BIKKF,0,0.028102706937607132
0080-OROZO,0,0.24069419880461318
0727-IWKVK,1,0.588040456671504
3389-YGYAI,1,0.6195253846812934
6265-FRMTQ,0,0.017646785219944477
4813-HQMGZ,1,0.6065071136625876
3957-SQXML,0,0.03362332317265569
8166-ZZTFS,0,0.033937098529906
2485-ITVKB,1,0.5432886446632565
4634-JLRJT,0,0.3854376754306718
1167-OYZJF,0,0.009343912668908693
1200-TUZHR,1,0.5993158117256022
0771-CHWSK,0,0.03551616335837072
6122-LJADA,0,0.029250215479813026
1307-TVUFB,0,0.31378921077565863
0078-XZMHT,0,0.028349711918089028
7787-BNTZM,0,0.1816510025706635
0330-IVZHA,0,0.49457040756918863
7716-YTYHG,0,0.1611272317895153
8148-WOCMK,0,0.05235813317477225
5799-JRCZO,0,0.009430606864629735
9548-ZMVTX,0,0.0533221510498762
0594-UFTUL,0,0.144622829740644
9866-QEVEE,0,0.33538626564028745
1357-BIJKI,0,0.20094717580752966
6156-UZDLF,0,0.1603768216895406
4110-PFEUZ,1,0.7535828904427077
1599-EAHXY,0,0.025940868821313013
8097-OMULG,0,0.08252877964224373
2108-GLPQB,0,0.15832957499219524
0129-QMPDR,0,0.02649446709739557
4685-TFLLS,0,0.03623605935108553
8715-KKTFG,0,0.2101389931214503
7075-BNDVQ,0,0.4033678141692421
0872-CASZJ,0,0.08982546255818484
4537-DKTAL,1,0.5212611878023601
5393-HJZSM,0,0.21133236139452755
8065-BVEPF,0,0.21742631252578215
2754-SDJRD,1,0.6345067511610324
1834-WULEG,0,0.016288945129055505
1704-NRWYE,1,0.5949697967435956
6885-PKOAM,0,0.02627550959632102
4237-RLAQD,1,0.56117116832326
4450-YOOHP,0,0.14969095124487666
7783-YKGDV,1,0.5942441162942267
1088-CNNKB,0,0.07582004917115637
6656-JWRQX,1,0.5871698251767384
4822-LPTYJ,0,0.08338281166259959
4232-JGKIY,0,0.25595650569597794
5198-HQAEN,0,0.1949349289578194
0201-OAMXR,0,0.16501860732754456
8746-BFOAJ,0,0.023464737529517384
1092-WPIVQ,0,0.04555947251379203
4289-DTDKW,0,0.4670342096416718
2676-SSLTO,0,0.055172210941438794
3320-VEOYC,1,0.6108477845035349
1088-AUUZZ,0,0.053655956099180745
9396-ZSFLL,0,0.2603921720345216
0859-YGKFW,0,0.02634254250196982
1038-RQOST,0,0.10206513001552876
5345-BMKWB,0,0.1592130776622405
1709-EJDOX,0,0.014585138584024309
8861-HGGKB,1,0.6022690981550988
7860-KSUGX,0,0.026936217539526908
0862-PRCBS,0,0.09254793729722718
5570-PTWEH,1,0.6620662240801813
4422-QVIJA,0,0.16393716184331208
9091-WTUUY,0,0.05351638838384657
5160-UXJED,0,0.09780524109964114
0412-UCCNP,0,0.06386090993356607
4673-KKSLS,0,0.4286112066539931
9701-CDXHR,0,0.2872045317154201
1985-MBRYP,0,0.018128033670526858
9223-UCPVT,1,0.8210760421940071
4129-LYCOI,0,0.1307828503021623
7410-YTJIK,1,0.5916876481733617
8327-WKMIE,0,0.025289504091978828
4393-RYCRE,0,0.2656621925841817
4999-IEZLT,0,0.06744934817004478
9696-RMYBA,1,0.6159900491480994
2011-TRQYE,0,0.18975178104976273
8690-UPCZI,0,0.08504748048106775
1494-EJZDW,0,0.03012736688140334
7312-XSBAT,1,0.5448914140959727
4893-GYUJU,0,0.020746175757577902
2157-MXBJS,0,0.1414030793816889
7883-ROJOC,0,0.22564136051931713
1401-FTHFQ,0,0.024394624191650154
7225-CBZPL,1,0.5476414858698627
7398-HPYZQ,0,0.029651158441522524
0778-NELLA,0,0.2862053836215746
4676-MQUEA,0,0.23590306424168195
3439-GVUSX,1,0.5778941251449995
3884-HCSWG,0,0.41314404399548393
3002-WQZWT,0,0.4030612793556139
4361-JEIVL,1,0.5765771274129237
2786-GCDPI,0,0.4025199516134728
6203-HBZPA,0,0.04565873507683562
7861-UVUFT,1,0.5819405414573537
9593-CVZKR,0,0.027196419906945598
8433-WPJTV,0,0.18552916423671348
4896-CPRPF,0,0.046614955558940664
5561-NWEVX,1,0.697154991958017
2034-CGRHZ,0,0.3618365235223149
3946-MHCZW,1,0.5580543191789544
0810-DHDBD,0,0.09375378075981373
3352-ALMCK,0,0.46475115493042557
7065-YUNRY,1,0.5885078950472761
5370-IIVVL,0,0.2351305730878087
9342-VNIMQ,0,0.15305001959739983
2931-VUVJN,0,0.17739926145247598
8221-HVAYI,0,0.07265021180008875
5915-ANOEI,0,0.051398887077156875
6647-ZEDXT,0,0.21924295495144774
3404-JNXAX,0,0.39090761106727284
3557-HTYWR,0,0.07483787904229387
5119-KEPFY,0,0.3253733096799298
6967-PEJLL,0,0.07486153572111862
5515-IDEJJ,0,0.3301756831862839
4927-WWOOZ,1,0.699104574639448
5857-XRECV,0,0.11162164652401615
7945-PRBVF,0,0.025318593813655043
7164-BPTUT,0,0.06802902580692949
1730-VFMWO,0,0.1544124849409844
0141-YEAYS,0,0.31755268807899395
5793-YOLJN,0,0.020045201529863416
2804-ETQDK,0,0.013037173430937143
2453-SAFNS,0,0.10751764937880118
3181-MIZBN,0,0.1498961034599974
6023-YEBUP,1,0.6672101054087521
7297-DVYGA,0,0.02612005341973316
2961-VNFKL,0,0.01588253657517745
6876-ADESB,1,0.5411333047354537
3508-CFVZL,0,0.08791476120852953
2612-PHGOX,0,0.03570736900317686
9314-QDMDW,0,0.09715712448434431
0723-VSOBE,0,0.09422147894876008
8160-HOWOX,0,0.26895046409177537
4603-JANFB,1,0.7654452630644374
5296-BFCYD,0,0.01277831564438222
0725-CXOTM,0,0.1233596127178112
8265-HKSOW,0,0.07806319283760713
3649-JPUGY,0,0.028102706937607132
3164-AALRN,0,0.1914049479440201
8402-OOOHJ,0,0.007723741722916514
1205-WNWPJ,0,0.2641238320372799
8874-EJNSR,0,0.03717373322517536
9689-PTNPG,1,0.6804807238262309
6680-WKXRZ,1,0.6461763940587726
7005-CYUIL,0,0.09450074001829212
5174-ITUMV,0,0.236112451861365
8859-YSTWS,0,0.027571312179889524
9837-FWLCH,0,0.1707839727312673
5732-IKGQH,0,0.24423040162474885
5346-BZCHP,0,0.008656191077069953
8805-JNRAZ,1,0.5051103794926024
5067-WJEUN,0,0.03334732335395619
7730-CLDSV,0,0.07409914781287759
8012-SOUDQ,0,0.4209171129207248
7101-HRBLJ,0,0.025972002739929546
6917-IAYHD,1,0.5855254251682314
1121-QSIVB,0,0.11455544954605798
7572-KPVKK,0,0.1434560515301218
6115-ZTBFQ,0,0.02546387321588628
9225-BZLNZ,0,0.04967486342118931
0463-ZSDNT,0,0.2337352736083071
9788-HNGUT,0,0.09446504977220242
9584-EXCDZ,0,0.40056963770801884
2188-SXWVT,0,0.09043511490804294
6103-BOCOU,0,0.43555972581295516
8922-NPKBJ,0,0.012311727048118974
9420-LOJKX,1,0.5575985388572247
1216-JWVUX,0,0.43442322582172616
5619-XZZKR,0,0.055723947510307716
8592-PLTMQ,0,0.0345760946159884
8735-NBLWT,0,0.16347796030023087
7240-FQLHE,0,0.3763262818157977
0603-TPMIB,0,0.022580916266947006
9173-IVZVP,0,0.02796645865541753
4913-EHYUI,0,0.2468500921230076
6797-LNAQX,0,0.0886336033126318
7669-LCRSD,0,0.23524635709745742
6651-AZVTJ,0,0.4203093725704392
8189-DUKMV,0,0.08564560544203488
6103-LIANB,0,0.1324074563849204
7446-YPODE,0,0.23687951976561614
3399-BMLVW,0,0.04856413793433195
1374-DMZUI,1,0.6573864910382708
5562-BETPV,0,0.1377976335799243
5687-DKDTV,0,0.1776375562452992
3763-GCZHZ,0,0.23865525777198762
5692-ICXLW,0,0.43794867334344373
5216-WASFJ,0,0.4260326871845879
2282-YGNOR,0,0.07616176651644306
0963-ZBDRN,0,0.44733734894243704
8259-DZLIZ,0,0.06832307856685116
7601-DHFWZ,0,0.01917088130754572
2388-LAESQ,0,0.05909533939288214
7025-IWFHT,0,0.18451858336432217
1930-QPBVZ,0,0.09098257864150443
9880-TDQAC,0,0.0563728521941781
0519-XUZJU,1,0.7857136274688769
4883-KCPZJ,0,0.05101096967891288
5948-UJZLF,1,0.5031061054908854
3199-XGZCY,1,0.5753602606039742
1432-FPAXX,0,0.1907398779616678
6480-YAGIY,0,0.21423513097978789
7554-NEWDD,0,0.05908462818835792
7089-RKVSZ,0,0.0559924547685339
9494-BDNNC,0,0.17804239585805365
2195-ZRVAX,0,0.41065576509039686
7079-QRCBC,0,0.47494279757140234
8573-JGCZW,0,0.03289387404022057
3082-YVEKW,0,0.0808313707673221
7398-LXGYX,0,0.30084076405137394
7841-TZDMQ,1,0.5025925032472393
4484-CGXFK,0,0.42167083976758385
2929-QNSRW,0,0.19339204118186168
9574-RKJIF,0,0.44439541310316844
6061-GWWAV,0,0.12432924755229019
2382-BCKQJ,0,0.21142543897879157
0151-ONTOV,1,0.7857136274688769
2061-VVFST,0,0.0925389272767482
9965-YOKZB,1,0.5993181576127394
1150-WFARN,0,0.0916312376667762
4501-EQDRN,1,0.70484818868893
0907-HQNTS,0,0.07853142063863362
3370-HXOPH,1,0.6620531615737009
5016-LIPDW,0,0.02474375810953868
8676-TRMJS,1,0.6407756624674206
2091-RFFBA,0,0.407224052692808
3683-QKIUE,0,0.3049809939445748
2880-FPNAE,1,0.6632211925144732
6131-IUNXN,0,0.09761403963924431
2672-DZUOY,1,0.585245023308882
1707-HABPF,0,0.1377672597298487
8819-WFGGJ,0,0.03189385629437373
2656-TABEH,1,0.6459803724043308
1090-PYKCI,0,0.16543242967345154
1661-CZBAU,0,0.09895206439946985
3457-PQBYH,0,0.015434364046752547
0040-HALCW,0,0.030168043466630223
2480-JZOSN,0,0.44631797730155354
0902-RFHOF,0,0.018471715105738525
5766-XQXMQ,0,0.15485000559825746
5519-TEEUH,0,0.018471715105738525
1852-XEMDW,0,0.19368064156949308
0224-HJAPT,0,0.32227693093195703
6198-PNNSZ,0,0.23746023912700676
7134-MJPDY,0,0.1733510711025876
0430-IHCDJ,0,0.25846903774902014
2088-IEBAU,0,0.047031061363822034
3635-JBPSG,0,0.07274734693938119
2853-CWQFQ,1,0.5544427645801728
1063-DHQJF,0,0.08421271764728226
6967-QIQRV,0,0.3903399995246524
3128-YOVTD,0,0.2695010260057515
0887-HJGAR,1,0.5687814624409071
3120-FAZKD,0,0.0335159081229569
6713-OKOMC,0,0.2700423269620566
9508-ILZDG,0,0.43712817560532696
9680-NIAUV,0,0.061037704841800766
8837-VVWLQ,1,0.5993158117256022
3678-MNGZX,0,0.010234135305472649
9231-ZJYAM,1,0.6361544872761875
2509-TFPJU,0,0.016587363498371217
4060-LDNLU,1,0.6272775966654107
5135-RDDQL,0,0.0340947501530529
6394-MFYNG,0,0.3129989298248479
4138-NAXED,0,0.2731632171043153
6711-FLDFB,1,0.5878723711986615
5032-MIYKT,1,0.7810486468284062
7501-VTYLJ,0,0.46352105237742025
9498-FIMXL,0,0.0899858013300131
5442-UTCVD,1,0.6663218283404301
0212-ISBBF,0,0.20868743897471226
3669-LVWZB,0,0.2999043316238338
6614-YOLAC,0,0.057307066251865
0708-SJDIS,0,0.1781061670212968
4464-JCOLN,0,0.08857341157708727
2589-AYCRP,0,0.029562316289708367
2037-SGXHH,0,0.44493631785942356
4210-QFJMF,1,0.6375415817657814
6319-QSUSR,0,0.1888646228662374
4821-WQOYN,0,0.00843549504277026
2267-WTPYD,0,0.22362873381922838
6733-LRIZX,0,0.186812685600791
8089-UZWLX,0,0.08106544835000187
0654-HMSHN,0,0.4905957010659542
5324-KTGCG,0,0.029292053352039053
9624-EGDEQ,0,0.012175158969841261
7951-QKZPL,0,0.013456659356067125
1820-TQVEV,1,0.7435786031181564
8780-YRMTT,0,0.06251611918880559
5998-DZLYR,0,0.09613304724213936
9050-QLROH,0,0.3498724764406544
4083-BFNYK,0,0.1775044938074234
1763-KUAAW,0,0.02547790740426413
0923-PNFUB,1,0.6680005790531436
3518-PZXZQ,1,0.5821079391354318
5923-GXUOC,1,0.625062906703119
4583-PARNH,1,0.6000998549903932
2111-DWYHN,0,0.3586902042113856
1307-ATKGB,0,0.454225505496084
5012-YSPJJ,0,0.16520888168718237
0394-YONDK,0,0.01755308510368956
6614-YWYSC,0,0.01566511475210326
0836-SEYLU,0,0.258025542203012
2789-HQBOU,1,0.6469262850677842
3850-OKINF,0,0.08581799165707782
9369-XFEHK,0,0.31907914631606854
2324-AALNO,0,0.027661874723338323
2748-MYRVK,0,0.16841281071083816
8654-DHAOW,1,0.5051103794926024
8096-LOIST,0,0.2042342673893656
7233-DRTRF,0,0.3517175983082916
9110-HSGTV,0,0.030173084720214384
5546-BYZSM,0,0.08499546262719146
5961-VUSRV,0,0.09503144892376929
3126-WQMGH,0,0.14567002209104138
3129-AAQOU,0,0.04251298740700543
4942-VZZOM,0,0.06966726371002503
1899-VXWXM,0,0.22970402215359254
1098-TDVUQ,0,0.2299644117636544
3200-MNQTF,0,0.0332144060152007
8946-BFWSG,0,0.022454904206388848
0674-DGMAQ,0,0.4408153156348884
5043-TRZWM,1,0.8145501154511089
4160-AMJTL,0,0.15823612914944873
1301-LOPVR,0,0.07342330994279406
7296-PIXQY,0,0.47335902025858656
6990-YNRIO,0,0.10077594816814152
0420-HLGXF,0,0.4557059886855141
1555-HAPSU,0,0.009646578103047206
4902-OHLSK,0,0.4540625836197971
9617-INGJY,1,0.7689100625511915
2171-UDMFD,0,0.08928555756134862
5010-IPEAQ,0,0.03365982993490797
6916-HIJSE,0,0.03783679298566769
0111-KLBQG,0,0.4408153156348884
0142-GVYSN,0,0.0964986579194174
1624-NALOJ,1,0.6207283135175681
2962-XPMCQ,1,0.5054808615091028
9249-FXSCK,0,0.22218126043024747
1641-RQDAY,0,0.4557059886855141
6670-MFRPK,0,0.059908471852445036
7549-MYGPK,0,0.3350759743300962
1089-XZWHH,0,0.011542925698265654
0621-JFHOL,0,0.13010142083699405
0679-IDSTG,1,0.7537219689438462
6024-RUGGH,0,0.01677967119067891
3261-CQXOL,0,0.01588253657517745
8976-OQHGT,0,0.33305641459753654
6838-HVLXG,0,0.14495998449881012
3584-WKTTW,0,0.24860124235996006
1493-AMTIE,0,0.2938271105328548
8970-ANWXO,0,0.14154024073050958
4360-PNRQB,0,0.3360066061097854
5669-SRAIP,0,0.33131255132601195
8931-GJJIQ,1,0.6024288944372738
1060-ENTOF,0,0.17498735421888006
8417-GSODA,0,0.16262490268419938
0121-SNYRK,0,0.07663107634031627
3908-BLSYF,1,0.6056529827564018
6942-LBFDP,0,0.24112550005781117
5519-YLDGW,0,0.48405857300328925
7115-IRDHS,0,0.01040317678707522
4690-LLKUA,0,0.2412556998130999
1363-TXLSL,1,0.7667989479185054
4236-XPXAV,1,0.6433314185413009
4929-XIHVW,1,0.7103462509798757
8606-CIQUL,0,0.06500616344344044
1231-YNDEK,0,0.024851157674788404
5136-GFPMB,0,0.2389730972084611
6447-GORXK,0,0.17202385306442125
1910-FMXJM,0,0.42510135066006804
2135-DQWAQ,1,0.631625760658821
2279-AXJJK,0,0.25784637343853684
3704-IEAXF,0,0.030018043501188942
1686-STUHN,0,0.028035377122245086
6682-QJDGB,0,0.17162243967690982
3948-XHGNA,0,0.17065357902187536
9289-LBQVU,0,0.09545531382133517
6726-WEXXK,0,0.1859262616140155
7779-ORAEL,0,0.06062597417423999
4468-KAZHE,0,0.19514811938995233
5844-QVTAT,0,0.09375500738116122
8383-SGHJU,0,0.10121025829574531
9451-WLYRI,0,0.04771031724031845
0147-ESWWR,0,0.4568250363045617
6292-TOSSS,0,0.04354865255393272
1013-QCWAM,0,0.3336700138102559
4468-YDOVK,0,0.3212182619094379
7047-FWEYA,0,0.26288904342871927
6559-RAKOZ,0,0.20448973535038945
8974-OVACP,0,0.4059958690306111
4585-HETAI,1,0.6229075028898897
1091-SOZGA,0,0.1941461716808224
4940-KHCWD,0,0.03600901885819044
9242-TKFSV,0,0.027630354188289255
7017-VFHAY,0,0.0927317810487278
6339-YPSAH,1,0.5812280649078853
9489-UTFKA,0,0.23699955356717198
0015-UOCOJ,0,0.27436152478376086
7856-GANIL,0,0.1705935155529749
2576-HXMPA,0,0.25411850851285783
9339-FIIJL,0,0.028102706937607132
9770-KXGQU,0,0.1980391361098555
2320-TZRRH,0,0.01931661147739777
8990-YOZLV,0,0.05303583066823594
5204-QZXPU,0,0.20710203739789235
0750-EKNGL,0,0.159201586680845
9601-BRXPO,0,0.3614703810623283
4536-PLEQY,1,0.5614020697514688
0281-CNTZX,0,0.010663796274207946
7852-LECYP,1,0.5746208308812462
1746-TGTWV,1,0.7667361930183483
8878-HMWBV,0,0.4284719232206513
2296-DKZFP,0,0.03323780360041272
0067-DKWBL,1,0.5155298907738802
8871-JLMHM,0,0.0592822395897002
4189-NAKJS,0,0.0697383678085615
7138-GIRSH,0,0.05730452622768051
2718-GAXQD,0,0.3891677582703143
4819-HJPIW,0,0.2101943982904945
5550-VFRLC,1,0.774855033438417
2604-XVDAM,0,0.2522843755625338
4785-FCIFB,0,0.00918347950864242
3556-BVQGL,0,0.017805252140140906
6704-UTUKK,0,0.1595374466777939
2720-FVBQP,0,0.30903489916985566
5502-RLUYV,0,0.33052253384215946
7909-FIOIY,0,0.20631555915531327
4342-HFXWS,0,0.11058602194853126
5673-FSSMF,1,0.5791561435257119
5183-KLYEM,0,0.06347133723849739
5003-OKNNK,0,0.03457758231073319
3604-WLABM,0,0.25681607403736795
0301-FIDRB,0,0.02518931698670435
6439-PKTRR,0,0.05216236447244806
4829-ZLJTK,0,0.08944421223341834
9747-DDZOS,1,0.7543174305864393
0266-GMEAO,0,0.06500616344344044
8854-CCVSQ,0,0.4716229267629009
8938-UMKPI,0,0.41582625408913804
8957-THMOA,0,0.017724858547790382
2169-RRLFW,0,0.01569022888286976
4001-TSBTV,0,0.33089581181821875
8565-CLBZW,0,0.454225505496084
6941-KXRRV,0,0.08951688478545058
3192-NQECA,0,0.09566451186734463
4824-GUCBY,0,0.44469005319600646
9931-KGHOA,0,0.1556785611362852
2898-LSJGD,0,0.08420109128853463
8816-VXNZD,1,0.809810180507898
1345-GKDZZ,0,0.16842015619958858
9415-TPKRV,0,0.252925084569831
0823-HSCDJ,0,0.15341333642400323
0697-ZMSWS,1,0.6376423854898442
9526-BIHHD,1,0.5784407905046492
7218-HKQFK,1,0.6976590757947746
2995-YWTCD,0,0.05729654293117675
3132-TVFDZ,0,0.1549783357881572
4003-FUSHP,0,0.17493949095459244
1221-GHZEP,0,0.05705454396918521
1761-AEZZR,1,0.8183015729551013
5276-KQWHG,1,0.5827195542435791
5981-ITEMU,0,0.32573085837436694
4718-DHSMV,0,0.25544848101092493
1104-FEJAM,0,0.16248520055814494
8714-EUHJO,0,0.43233777621142655
6005-OBZPH,0,0.4479907225979198
1027-LKKQQ,0,0.025692932972487682
1090-ESELR,0,0.08206480532509154
8231-BSWXX,0,0.09082148908711912
2709-UQGNP,0,0.24515645569497704
6469-MRVET,0,0.15410042161684231
2737-YNGYW,1,0.6947332903917827
2189-WWOEW,1,0.5421520809529712
2434-EEVDB,0,0.09143508918517261
0959-WHOKV,0,0.22064503703631555
1708-PBBOA,0,0.09828308390217694
0487-VVUVK,0,0.11235323404639205
6376-GAHQE,1,0.6278559862872469
4973-RLZVI,0,0.11266313225950969
2482-CZGBB,0,0.4477737284729531
4616-ULAOA,0,0.09017505453944023
7074-STDCN,0,0.16221430282155822
2858-MOFSQ,0,0.10026848835010466
1104-TNLZA,0,0.47017720210617797
8393-DLHGA,0,0.4687676404585758
0327-WFZSY,0,0.2567138378714848
5954-BDFSG,0,0.06904282410654941
4797-AXPXK,1,0.5791561435257119
4283-FUTGF,0,0.4655119359830329
0702-PGIBZ,1,0.6412676744732176
7940-UQQUG,0,0.18639872945410477
7570-WELNY,0,0.05730673411539348
6172-FECYY,0,0.4126068875370511
3842-QTGDL,0,0.49504240573979963
5651-WYIPH,0,0.20806616986363125
6383-ZTSIW,0,0.2362306360515768
2017-CCBLH,0,0.043960571765108286
9928-BZVLZ,0,0.0817071299832266
1684-FLBGS,0,0.17996564855746527
5996-DAOQL,0,0.3381092545923801
5154-VEKBL,0,0.25683241879216095
6685-GBWJZ,0,0.07398366801884676
4631-OACRM,1,0.5634140802090526
7799-DSEWS,0,0.19389898332511357
4619-EVPHY,0,0.1606416528626662
8016-ZMGMO,0,0.0721220433808276
3336-JORSO,0,0.450311355994797
8414-OOEEL,0,0.03556790539627034
9174-FKWZE,0,0.32879281090586204
8434-PNQZX,0,0.06919363987830134
9067-SQTNS,0,0.027125097728026203
2023-VQFDL,0,0.13737985957632312
4393-OBCRR,0,0.07453453395499468
1053-MXTTK,0,0.07092893444569331
5816-JMLGY,0,0.028731374303129997
7233-PAHHL,0,0.054532221237860924
1771-OADNZ,0,0.4486084518500557
8561-NMTBD,0,0.1700356099806546
2120-SMPEX,0,0.0990971177258752
2203-GHNWN,0,0.4382491115612144
2302-ANTDP,0,0.39164660133755896
2030-BTZRO,0,0.04729139009100097
7198-GLXTC,1,0.6828945169296792
3521-SYVOR,0,0.18067740130902185
4803-AXVYP,0,0.4557059886855141
9548-LIGTA,0,0.05378683292699003
2535-PBCGC,0,0.028565953123507844
8224-DWCKX,1,0.5222643552534902
4729-XKASR,1,0.5883909491676692
1024-KPRBB,0,0.18879690283152847
8601-QACRS,0,0.31500287405558847
8272-ONJLV,0,0.3264877362030598
5099-BAILX,0,0.3491208186633961
9474-PHLYD,0,0.2656789083081604
8441-SHIPE,0,0.017604296072683916
7248-VZQLC,0,0.2956446447043612
1004-NOZNR,0,0.15900136698725065
6253-WRFHY,0,0.10311403438206787
2335-GSODA,0,0.07501958398980434
4226-KKDON,0,0.2446721317407376
9399-APLBT,1,0.7981283467352353
4951-UKAAQ,1,0.641862592368462
6784-XYJAE,0,0.09043511490804294
3007-FDPEA,0,0.19950496158066014
1760-CAZHT,0,0.09101144936535542
3865-ZFZIB,0,0.021130365967860373
8705-DWKTI,0,0.26899973663820326
1545-JFUML,0,0.09444559052396569
4825-XJGDM,0,0.07208093323076877
5366-IJEQJ,0,0.46607188790052545
4366-CTOUZ,0,0.15177785847821162
0201-MIBOL,0,0.11219774779370338
8929-KSWIH,0,0.1447533892403288
4831-EOBFE,0,0.33192758204172645
2848-YXSMW,0,0.010643289100844834
2057-BOYKM,0,0.08363131950317808
6142-VSJQO,1,0.5154410093836352
4922-CVPDX,0,0.08113219234080185
8717-VCTXJ,0,0.019956958401923717
7395-XWZOY,0,0.17857795569163798
1552-AAGRX,0,0.3518756756373527
1402-PTHGN,0,0.08889995496719143
6510-UPNKS,0,0.06073414688171161
5156-UMKOW,0,0.49035109519175407
7677-SJJJK,0,0.06866576534521995
8128-YVJRG,1,0.5960159357340801
7564-GHCVB,0,0.04747947871022697
6204-IEUXJ,1,0.6711614783348261
6380-ARCEH,0,0.3561284495683772
2359-KMGLI,0,0.44313898335014634
8294-UIMBA,0,0.18331519844918354
0795-XCCTE,0,0.01677967119067891
6048-QBXKL,0,0.4460511001167773
8670-MEFCP,0,0.09625089988287847
5325-UWTWJ,0,0.32535065872907964
0618-XWMSS,0,0.2943095670100781
4373-VVHQL,1,0.5743847252205215
4522-XRWWI,0,0.1149149081236145
7693-QPEFS,0,0.25152932351636925
1154-HYWWO,0,0.12348639638163554
5858-EAFCZ,1,0.5765771274129237
2674-MLXMN,0,0.2073425312520579
4801-JZAZL,0,0.25661465773630765
6483-OATDN,0,0.24034296941448235
9644-UMGQA,0,0.29397080003013637
1552-CZCLL,0,0.08601762914210305
7813-ZGGAW,0,0.33523718255951074
6773-LQTVT,0,0.17633268543175476
5989-OMNJE,0,0.07769351059875879
0699-NDKJM,0,0.12338677932908011
1226-JZNKR,0,0.08456631923484957
1628-BIZYP,1,0.8163419340540004
6549-YMFAW,0,0.15249946277381837
8029-XYPWT,0,0.07002280296236191
3572-UOLYZ,0,0.2956446447043612
3982-DQLUS,0,0.31988930007807964
4146-SVFUD,1,0.5765771274129237
1585-MQSSU,0,0.24164650373491933
0533-UCAAU,0,0.08614286510850139
2178-PMGCJ,0,0.3368591611401149
6168-WFVVF,1,0.5649190087543012
9133-AYJZG,0,0.3461954437665736
1564-HJUVY,0,0.34591608322601675
6633-SYEUS,0,0.3127878983231119
6608-QQLVK,1,0.5580543191789544
1697-NVVGY,0,0.16365351629974867
9831-BPFRI,0,0.18984936008321562
6901-GOGZG,0,0.05488515009768227
2146-EGVDT,0,0.017771267867625867
7901-TBKJX,0,0.36970667545740915
1755-RMCXH,0,0.17566943372818103
5968-XQIVE,0,0.13615557737257714
6695-AMZUF,0,0.028731374303129997
5804-LEPIM,1,0.6142714376662728
2181-UAESM,0,0.46426572038178643
3550-SAHFP,0,0.4260326871845879
0734-OXWBT,0,0.4650494427781092
0794-YVSGE,0,0.009885850692020403
1629-DQQVB,0,0.25332534101904386
3138-BKYAV,1,0.6022791983939828
8207-DMRVL,0,0.06500616344344044
1779-PWPMG,0,0.05909533939288214
5119-NZPTV,1,0.6066060154726511
6551-ZCOTS,0,0.053374140046529066
8950-MTZNV,1,0.5742582221021117
9809-IMGCQ,0,0.4708325198783963
7743-EXURX,0,0.24515662365312305
7675-OZCZG,0,0.4550218233305779
7020-OZKXZ,1,0.5722985428215502
2621-UDNLU,0,0.22392496541423007
9146-JRIOX,0,0.14133863892318638
3806-YAZOV,0,0.19569789092188164
8908-SLFCJ,0,0.022780552602449076
2754-VDLTR,1,0.615542177834962
7459-IMVYU,0,0.19939213668357256
6997-UVGOX,0,0.027984665767692204
1830-GGFNM,0,0.09570728739416123
0973-KYVNF,0,0.026657432925789863
6474-FVJLC,1,0.6883840557135408
1421-HCERK,0,0.3578147683417384
6211-WHMYA,0,0.15644360014899752
5173-ZXXXL,0,0.06920251523189859
0048-PIHNL,0,0.025186796459704074
4786-UKSNZ,0,0.3561284495683772
7338-ERIVA,0,0.07141645708899584
3045-XETSH,1,0.6146006216982478
6614-VBEGU,0,0.18114489227808162
5196-WPYOW,0,0.08535460379438872
3580-REOAC,0,0.2482231214905646
8993-PHFWD,0,0.4975042745531723
4851-BQDNX,0,0.17995499829085992
5569-OUICF,0,0.3506884422435565
1271-SJBGZ,0,0.24271465093764352
0970-QXPXW,0,0.33346905477818434
2519-TWKFS,0,0.07891203172415424
4238-HFHSN,0,0.3250689494585696
9281-PKKZE,0,0.16122611449640292
9618-LFJRU,0,0.1942425819472088
6752-APNJL,0,0.17749448183253969
2885-HIJDH,0,0.029478212293831345
6551-VLJMV,0,0.018924137027804103
2087-QAREY,0,0.21780671198435755
5176-LMJXE,0,0.00927012365159922
6087-YPWHO,0,0.0554333415032774
1010-DIAUQ,1,0.6589020363881398
8364-TRMMK,0,0.4348533386745913
6094-ZIVKX,0,0.06530404549040321
9199-PWQVC,0,0.07457895904695415
3096-JRDSO,0,0.35426708886249164
4195-PNGZS,0,0.011407108531288155
5549-ZGHFB,0,0.029218326461097458
9971-ZWPBF,0,0.4576219545887847
2972-YDYUW,0,0.1777437091370625
6578-KRMAW,0,0.3279612238396447
4194-FJARJ,0,0.04725284394157527
9873-MNDKV,0,0.2592927085158255
2569-WGERO,0,0.009266899833162355
3748-FVMZZ,0,0.3866135072557023
1905-OEILC,0,0.32879281090586204
7353-YOWFP,0,0.05794686680778719
3689-MOZGR,0,0.19287268485326867
4081-DYXAV,0,0.09031716088097465
9614-RMGHA,0,0.19988985737684153
4423-YLHDV,0,0.35841737564447207
9560-BBZXK,0,0.05469048911926659
5180-UCIIQ,0,0.22641603521649073
5134-IKDAY,1,0.774855033438417
6968-GMKPR,0,0.366931804480651
0516-OOHAR,0,0.2275775605160125
3841-NFECX,0,0.08530881132532102
7036-TYDEC,0,0.1270358850899048
8868-WOZGU,0,0.47017720210617797
0374-AACSZ,1,0.5720462821659901
4193-IBKSW,0,0.024305609202847855
8969-PRHFK,0,0.023356547882058702
9184-GALIL,0,0.08499546262719146
4273-MBHYA,1,0.8237400131471615
7379-FNIUJ,1,0.6816687760093995
5394-MEITZ,0,0.03390104261091721
3234-VKACU,0,0.4974788546970598
5726-CVNYA,0,0.04565634479627152
8099-MZPUJ,0,0.16212779395652205
2773-OVBPK,0,0.09561164629954857
9576-ANLXO,1,0.5337356853976656
6286-ZHAOK,0,0.12327623091836674
0052-YNYOT,0,0.0207961696910527
6680-NENYN,0,0.18748959809576832
3283-WCWXT,0,0.053190797196005626
0876-WDUUZ,1,0.6569916746436745
3938-YFPXD,0,0.028070642150647168
1087-UDSIH,0,0.17754050986247097
4187-CINZD,0,0.15716260146224287
0459-SPZHJ,0,0.038899927165673726
0842-IWYCP,0,0.14535633397678893
9661-JALZV,0,0.017311769283172306
4177-JPDFU,0,0.24590702474919854
2996-XAUVF,0,0.06301113621846166
9705-IOVQQ,0,0.18327421174569347
6581-NQCBA,0,0.26935338107831513
9168-INPSZ,0,0.4365592662286296
0168-XZKBB,0,0.4498903200231975
5136-KCKGI,0,0.2979846394831699
5597-GLBUC,1,0.8237400131471615
4918-QLLIW,0,0.42087598320178743
8050-XGRVL,0,0.06795905287091969
4302-ZYFEL,0,0.022877114708225527
9000-PLFUZ,0,0.03940266328784849
5494-HECPR,1,0.8256996520482625
1069-QJOEE,0,0.016796788774276032
4458-KVRBJ,0,0.02557440583442657
5924-IFQTT,0,0.3580188797217571
7696-AMHOD,0,0.10060820376764015
3588-WSTTJ,0,0.4557059886855141
3500-NSDOA,0,0.031101718530750305
6582-PLFUU,0,0.018244849984789296
6047-YHPVI,0,0.4467790718651658
2075-RMJIK,0,0.32047981218915467
5175-AOBHI,0,0.3780471088399988
3920-HIHMQ,0,0.17587057851058963
3012-VFFMN,0,0.14938445021038121
4566-NECEV,1,0.6339735960489152
1474-JUWSM,0,0.09189570149614706
3347-YJZZE,0,0.2081468602038229
9867-XOBQA,0,0.07848375105244672
7801-KICAO,0,0.4368976972018473
6777-TGHTM,0,0.2420778212205386
6980-CDGFC,0,0.023151272771108632
0913-XWSCN,0,0.2539847480224436
6352-GIGGQ,0,0.07405412735950626
3963-RYFNS,0,0.07209084409487056
4154-AQUGT,1,0.5599917745024566
6258-NGCNG,0,0.16333374731601594
6741-EGCBI,0,0.3237492083683536
9350-ZXYJC,0,0.08579628956087137
9620-ENEJV,1,0.5373921758100554
8361-LBRDI,0,0.01635456574273629
0056-EPFBG,0,0.06408964824415368
6615-ZGEDR,0,0.3005929593078271
5442-XSDCW,1,0.5484773592806917
6374-AFWOX,0,0.06778431841987509
0875-CABNR,1,0.5952486983129343
6693-DJWTY,0,0.07826791082802947
5168-MSWXT,1,0.6214459103238706
9253-VIFJQ,0,0.06810402260330566
5117-IFGPS,0,0.43171857644025663
8571-ZCMCX,0,0.06100281011686424
0576-WNXXC,0,0.4486084518500557
7167-PCEYD,0,0.013220601767825748
8277-RVRSV,0,0.02777657018902538
7471-WNSUF,0,0.026245735742195526
4994-OBRSZ,0,0.09168294164012186
0742-MOABM,0,0.38404590944094963
4510-PYUSH,0,0.157950210331131
2876-VBBBL,0,0.3821170207608515
0258-NOKBL,1,0.6540218460574083
5893-PYOLZ,0,0.05371027813563222
3866-MDTUB,1,0.5104936148561416
6859-RKMZJ,0,0.23765661478467912
6869-FGJJC,0,0.10690270198757475
6840-RESVB,0,0.13969659843806434
6341-AEVKX,0,0.2360233677103542
0362-RAOQO,0,0.017434676345590584
6319-IEJWJ,0,0.4687390593117914
7812-FZHPE,0,0.11755971869189821
6954-OOYZZ,0,0.1933137592575991
7684-XSZIY,0,0.011164796251923775
7346-MEDWM,0,0.3234793449848174
8318-LCNBW,0,0.0748532696063963
9531-NSBMR,0,0.023845909136318302
1376-HHBDV,0,0.16899011222791166
6332-FBZRI,0,0.0783751640991571
6114-TCFID,0,0.06693451575385949
2027-OAQQC,0,0.14579338154959298
3653-NCRDJ,0,0.020095181767931663
1227-UDMZR,0,0.03025116537158639
5118-MUEYH,0,0.30564598864837733
2320-SLKMB,0,0.16521081556781897
2811-POVEX,0,0.32089348206359597
7977-HXJKU,0,0.01639263042588276
7096-UCLNH,0,0.32950747171804806
1335-NTIUC,0,0.3150483871355365
5753-QQWPW,0,0.0909382895685255
1452-KIOVK,0,0.32654754590259677
9640-ZSLDC,0,0.08212870589479175
4012-ZTHBR,0,0.21919848333476033
8591-NXRCV,0,0.19337533773566762
4558-FANTW,1,0.5386029059020745
9643-YBLUR,0,0.2619671102692811
7779-LGOVN,1,0.6022763737529248
6504-VBLFL,0,0.06472725544122683
6218-KNUBD,0,0.2628441150213679
8818-XYFCQ,0,0.3506186406085004
0256-LTHVJ,0,0.42551156248331634
0946-CLJTI,0,0.35337350997438577
2840-XANRC,0,0.45776782230792024
7479-NITWS,1,0.630623415295078
5644-PDMZC,1,0.7021559149233043
0374-IOEGQ,0,0.45721422552298
5126-RCXYW,0,0.05028373353478442
7551-JOHTI,0,0.32879281090586204
0975-UYDTX,0,0.13407487082965794
5150-LJNSR,0,0.1975801592856152
4817-QRJSX,1,0.5852089285630098
8060-HIWJJ,0,0.03974191949669801
5879-HMFFH,0,0.029870322459708994
8404-VIOMB,0,0.029934739362427062
1567-DSCIC,1,0.6227065940845544
6497-TILVL,0,0.28103664676575607
9777-WJJPR,0,0.32361482384233353
5619-PTMIK,0,0.1747294449985859
8345-MVDYC,0,0.06441054055713041
3458-IDMFK,0,0.01229880024455362
8780-RSYYU,0,0.10179402228301443
8645-KWHJO,0,0.24961261691019826
3800-LYTRK,0,0.09728411169876937
0265-PSUAE,1,0.553131405443807
5804-JMYIO,0,0.0130387566553416
4452-QIIEB,0,0.2931041843806532
5286-YHCVC,0,0.08206480532509154
9375-MHRRS,0,0.29397080003013637
0722-SVSFK,1,0.6326834104326522
1573-LGXBA,0,0.1756003592861251
9373-WSLOY,0,0.15922597087317067
6221-AVQYL,1,0.6591374950576865
5208-FVQKB,0,0.05501212198917234
0363-QJVFX,0,0.3511084708708263
7473-ZBDSN,0,0.0484967925886721
9919-KNPOO,0,0.4630255482462545
5375-XLDOF,0,0.09314058018143276
9862-KJTYK,0,0.18479371507555775
0219-QAERP,0,0.024462583891806257
7710-JSYOA,0,0.0794144425081558
9848-JQJTX,0,0.07863131412971237
1963-SVUCV,1,0.5711562184591245
8963-MQVYN,0,0.10197197977093499
2249-YPRNG,0,0.3702883800423164
3160-TYXLT,0,0.12775431683016486
4397-FRLTA,0,0.16765452949729748
0515-YPMCW,1,0.7680353727248886
8232-UTFOZ,0,0.010337624870987529
8859-AXJZP,0,0.01616213285490331
6772-WFQRD,0,0.02583517615130442
4323-OHFOW,0,0.16194296870472855
5630-AHZIL,0,0.4249869817404376
3863-QSTYI,0,0.15049549039848656
1895-QTKDO,1,0.5218858300608542
3422-LYEPQ,1,0.7770330627852171
6771-XWBDM,0,0.24813868901682087
9761-XUJWD,0,0.2932627485049202
4837-QUSFT,0,0.16457392344895877
5845-BZZIB,0,0.011578843673520895
7698-YFGEZ,0,0.3306597965494018
2481-SBOYW,0,0.015079016739254046
4846-WHAFZ,0,0.41439792955869564
2725-TTRIQ,0,0.025692932972487682
8468-EHYJA,0,0.3569993589904383
8399-YNDCH,0,0.1775431563558707
2550-AEVRU,0,0.09268735270328278
8584-KMVXD,1,0.5793033687995507
1568-BEKZM,0,0.029250215479813026
3570-YUEKJ,0,0.1675458206855873
6856-RAURS,1,0.6832430656765935
5311-IHLEI,0,0.2347241880551824
7008-LZVOZ,0,0.01875937976917484
8818-DOPVL,0,0.41547816146384386
2581-VKIRT,0,0.09356762967760783
4923-ADWXJ,0,0.1586924857253403
2612-RRIDN,1,0.6353716127185263
2180-DXNEG,1,0.6277940727941862
4277-BWBML,0,0.010214948851924371
2320-YKQBO,0,0.17448094758267182
6521-YYTYI,1,0.8209026479919007
6897-UUBNU,0,0.43794867334344373
2091-MJTFX,0,0.15899469742748526
0196-JTUQI,1,0.570522999885142
0238-WHBIQ,0,0.028102706937607132
4229-CZMLL,1,0.5875760766937704
2000-DHJUY,0,0.03704676592330544
4000-VGMQP,0,0.12505011258399132
3376-BMGFE,1,0.589313267537198
5965-GGPRW,0,0.08206480532509154
9803-FTJCG,0,0.0618188009695902
4471-KXAUH,0,0.41728941697591077
4933-IKULF,0,0.023049288116995265
6609-MXJHJ,0,0.02805463301059233
6726-NNFWD,0,0.0569085328683816
3521-HTQTV,0,0.04766850353033566
9650-VBUOG,0,0.03644258393909102
5201-CBWYG,0,0.041957314867135886
7032-LMBHI,0,0.10536536042802663
1853-UDXBW,1,0.7705826009774763
3533-UVMOM,0,0.03152129895033072
0269-XFESX,0,0.024127409618511696
3428-XZMAZ,1,0.7400276630402702
6103-QCKFX,0,0.15463838866360763
9621-OUPYD,0,0.023249006836216092
9256-JTBNZ,0,0.1816152847518056
5299-RULOA,1,0.6262805393650791
1465-VINDH,1,0.6235853453025768
6425-JWTDV,0,0.013202794351008448
6344-SFJVH,0,0.19211048453850654
0880-FVFWF,0,0.3454279873087271
5649-TJHOV,0,0.1614319958794556
4013-TLDHQ,0,0.459457177890564
7515-LODFU,0,0.010128162971384785
2568-BRGYX,1,0.514625503442272
7181-BQYBV,1,0.7888862668847058
3133-PZNSR,0,0.07686705767972006
2951-QOQTK,1,0.6443138589948696
8808-ELEHO,1,0.5894062173388193
2243-FNMMI,0,0.12167325261715303
6261-RCVNS,0,0.11325879569420637
1334-PDUKM,0,0.0983099631358008
9560-ARGQJ,1,0.5770778535436322
9605-WGJVW,1,0.7758536598029226
2607-FBDFF,0,0.47383995040798504
0114-RSRRW,0,0.167378086391566
0310-SUCIN,0,0.06891068362360932
7622-FWGEW,0,0.05484490305847437
7881-EVUAD,1,0.5362953684319991
6979-TNDEU,0,0.17434701139517753
1625-JAIIY,0,0.12667097476210193
3082-VQXNH,0,0.4774187388753297
2150-OEGBV,0,0.022471844820468333
8292-TYSPY,0,0.17854500972833406
1266-NZYUI,0,0.0258834536354667
6848-YLDFR,0,0.08483119511613703
0326-VDYXE,0,0.17131175606579674
5073-WXOYN,0,0.15453577435151328
3055-MJDSB,0,0.31892887701602635
8625-AZYZY,0,0.48720181225922987
0019-EFAEP,0,0.07514394409200902
8039-EQPIM,0,0.028717614825385665
0219-YTZUE,1,0.6485338451987931
3280-NMUVX,0,0.02563499804462031
2478-EEWWM,0,0.1554913079421749
1226-UDFZR,0,0.464441573257528
2665-NPTGL,0,0.34240108432900995
9084-OAYKL,0,0.014496741132381346
4636-JGAAI,0,0.4343501654076581
0567-GGCAC,0,0.2641238320372799
3472-QPRCH,0,0.04395664813426975
9919-YLNNG,0,0.3443559067659465
6311-UEUME,0,0.4254469413407084
7252-NTGSS,1,0.5885078950472761
8901-HJXTF,0,0.2585829387152611
2077-MPJQO,1,0.5931598388082607
6229-UOLQL,0,0.09272803234032252
4737-AQCPU,0,0.02903514210394935
0895-LNKRC,0,0.05536238563498389
1731-TVIUK,1,0.6580599766931643
4628-WQCQQ,0,0.1876764056617113
5887-IKKYO,0,0.12126373727268566
4931-TRZWN,0,0.35273652388139143
1396-QWFBJ,0,0.295462697636178
